invoice_id,customer_name,invoice_date,amount
INV000001,KAI SRINIVAS,19/10/2025,6449
INV000002,WILLIAM PANDEY,22/11/2025,40369
INV000003,WARINDER RATTAN,18/10/2025,48432
INV000004,YACHANA PATLA,11/06/2025,8059
INV000005,CHAMAN HORA,26/10/2025,37358
INV000006,CHAKRADEV PRASHAD,11/06/2025,49503
INV000007,SNEHA RAMAKRISHNAN,01/05/2025,47690
INV000008,DALAJA PRABHU,01/01/2025,33791
INV000009,PATRICK TANK,27/10/2025,26042
INV000010,CHATRESH PRAKASH,12/04/2026,27572
INV000011,URISHILLA MANDAL,25/04/2025,28457
INV000012,BRIJESH TARA,18/12/2024,15636
INV000013,QABIL UPPAL,10/09/2025,12246
INV000014,MANYA MADAN,09/08/2025,13792
INV000015,JAI KALITA,07/09/2024,13239
INV000016,BHAVIKA GODA,23/08/2024,25807
INV000017,NEHA DESHPANDE,17/11/2024,21727
INV000018,AARUSH DARA,14/04/2025,32273
INV000019,CHAITALY RAJU,16/10/2024,34445
INV000020,CHAVVI BORRA,28/02/2026,25707
INV000021,DEVANSH BALAY,20/10/2024,9280
INV000022,EKBAL DHINGRA,16/02/2025,34812
INV000023,TARAK DARA,02/11/2025,41748
INV000024,TRIYA NARANG,24/08/2024,2390
INV000025,ZAID AGARWAL,22/03/2026,46670
INV000026,FARAJ GHOSH,20/03/2025,4851
INV000027,ROHAN MISHRA,05/10/2024,10827
INV000028,HARRISON NARAYANAN,08/03/2025,47958
INV000029,FARAS APTE,06/08/2024,40700
INV000030,SANYA DUGAR,24/02/2026,34967
INV000031,NEEL DHILLON,01/02/2026,15883
INV000032,BRINDA DHILLON,29/06/2024,14258
INV000033,INDALI ANNE,28/10/2025,23313
INV000034,YAGNESH GOUR,04/02/2025,12390
INV000035,TRIVENI VAIDYA,18/04/2026,38260
INV000036,OSCAR CHANDRAN,08/08/2025,25177
INV000037,AYAAN GOLE,07/12/2024,8706
INV000038,PALLAVI LAD,21/02/2025,678
INV000039,HENRY DEO,18/02/2025,48591
INV000040,RANVEER AGARWAL,09/06/2026,6110
INV000041,SACHI SEHGAL,11/01/2026,41704
INV000042,CHAITALY SUNDARAM,08/02/2025,12302
INV000043,YASHICA BEDI,18/10/2025,17942
INV000044,AMRUTA JAYARAMAN,20/05/2025,10799
INV000045,ARJUN AGATE,13/06/2025,18130
INV000046,VIVAAN CHAKRABORTY,25/06/2026,47549
INV000047,ZANSI SACHAR,18/03/2026,25972
INV000048,RANVEER KALA,08/09/2025,30569
INV000049,YACHANA PALL,23/07/2025,48810
INV000050,ABDUL NAIR,29/09/2025,46909
INV000051,ARADHANA BARMAN,22/09/2025,33764
INV000052,GIRIK BHASIN,29/05/2025,22703
INV000053,NITARA BHATIA,19/03/2026,9401
INV000054,KAMALA CHANDA,07/09/2025,6381
INV000055,BINA RASTOGI,23/02/2025,43254
INV000056,CHARAN DUGAR,03/07/2024,6281
INV000057,MAHIKA OOMMEN,04/10/2025,30274
INV000058,NIKITA SOMAN,27/11/2024,12933
INV000059,ARYA SAVANT,30/01/2025,6642
INV000060,EKARAJ RAY,19/11/2024,15705
INV000061,CHAITANYA GARA,08/05/2025,30290
INV000062,GAURANGI SANDHU,13/11/2024,3462
INV000063,YASHASVI PANDEY,09/07/2024,39421
INV000064,LADLI NAGI,16/08/2024,9266
INV000065,BRINDA RATTA,15/12/2024,49444
INV000066,LIPIKA DESHPANDE,22/11/2024,7494
INV000067,MANBIR BISWAS,05/02/2026,28527
INV000068,DAVID SANGHVI,07/06/2025,31810
INV000069,SHRAVYA RAMESH,01/09/2025,21725
INV000070,ISAAC KHALSA,23/04/2026,3160
INV000071,VANSHA KARAN,28/12/2024,13637
INV000072,DIPTA MODY,22/02/2025,48959
INV000073,LEKHA KAMDAR,26/08/2025,28041
INV000074,CHATRESH BALAN,03/03/2025,15446
INV000075,SACHI PAU,06/04/2026,46343
INV000076,OLIVER SEKHON,13/03/2026,38583
INV000077,JAIRAJ MODI,28/04/2025,41535
INV000078,IRYA MURTHY,30/04/2025,8603
INV000079,LAKSH MISRA,14/08/2024,41313
INV000080,PARTH PAL,06/09/2025,5008
INV000081,NIHARIKA BRAHMBHATT,12/11/2024,8640
INV000082,RUDRA MORE,28/05/2025,8713
INV000083,TANMAYI LAD,22/09/2024,40151
INV000084,CHARITA GARDE,03/10/2024,43707
INV000085,FINN SHERE,22/01/2025,45184
INV000086,SACHI SOM,21/03/2026,43366
INV000087,ONI BEHL,17/10/2024,33203
INV000088,VRITTI DUTTA,03/06/2025,27266
INV000089,HAMSINI NATT,07/01/2025,20524
INV000090,ANAMIKA MANN,05/01/2026,33350
INV000091,CALEB GODA,30/09/2025,8386
INV000092,VAISHNAVI BATH,19/08/2025,31342
INV000093,VIRAJ JAIN,05/04/2025,35811
INV000094,RISHI BEN,09/01/2026,24783
INV000095,NIHAL SANGHVI,07/07/2025,32241
INV000096,QARIN RAMACHANDRAN,19/07/2025,34010
INV000097,OLIVER BALAN,25/11/2024,12912
INV000098,CHANCHAL MAHAL,05/11/2024,1032
INV000099,ADVAY DHAR,07/10/2024,9593
INV000100,LAKSHMI CHEEMA,14/01/2025,14179
INV000101,WRIDESH LAL,27/01/2026,19592
INV000102,UPMA PRABHAKAR,06/02/2026,23777
INV000103,MANYA NAGY,23/07/2025,39281
INV000104,AMRUTA DESHMUKH,07/06/2025,3487
INV000105,YOSHITA KAR,29/08/2024,946
INV000106,OJASVI KEER,30/12/2024,7290
INV000107,TRIPTI PILLAY,03/01/2025,2110
INV000108,RISHI KONDA,02/04/2026,40403
INV000109,GIRIK BUMB,24/01/2026,41930
INV000110,VANYA OAK,24/11/2025,44163
INV000111,NISHA BARAL,15/09/2024,7407
INV000112,INDALI SHUKLA,27/01/2026,4052
INV000113,LUKE KARNIK,06/02/2026,23962
INV000114,GABRIEL LANKA,14/09/2024,23888
INV000115,MANYA PUROHIT,19/05/2025,16860
INV000116,HITESH DALAL,13/10/2025,33883
INV000117,AMARA MAHAL,07/02/2026,2228
INV000118,CHANDRESH BIR,15/08/2025,21423
INV000119,DEVANSH NARANG,17/02/2026,5672
INV000120,YASH SHAH,01/05/2026,5001
INV000121,TARA SUR,06/02/2026,23366
INV000122,AVNI OOMMEN,19/12/2025,40010
INV000123,SAMESH LALLA,16/08/2024,32462
INV000124,DAYITA KALA,15/06/2026,21981
INV000125,ELIJAH ACHARYA,03/07/2025,35102
INV000126,ANUSHA UPPAL,28/06/2024,33052
INV000127,CHANAKYA CHOUDHARY,08/09/2024,23140
INV000128,AGASTYA NARASIMHAN,17/09/2025,35920
INV000129,SAUMYA SATHE,04/11/2024,11492
INV000130,SAMARTH DHAR,05/12/2025,908
INV000131,YAHVI SUNDARAM,30/04/2025,5368
INV000132,OM BHALLA,24/05/2026,6408
INV000133,DEVANSH DAVE,02/06/2025,25520
INV000134,RAKSHA COMAR,24/04/2026,35789
INV000135,INAYA AGRAWAL,27/05/2025,17190
INV000136,BIMALA MINHAS,12/01/2026,27055
INV000137,TRIPTI ARORA,23/07/2025,34309
INV000138,EIRAVATI VENKATESH,07/03/2026,10544
INV000139,URVASHI CHAD,20/01/2026,10245
INV000140,SANYA BASU,18/01/2025,23495
INV000141,XAVIER PAI,03/03/2026,40961
INV000142,VANSHA GARA,17/05/2025,39486
INV000143,NITESH SOOD,05/01/2026,42884
INV000144,WAHAB LANKA,09/05/2026,45263
INV000145,LIBNI PARMAR,21/02/2026,25043
INV000146,YAUVANI GOLA,25/05/2026,15831
INV000147,TRIVENI THAKKAR,27/02/2026,45108
INV000148,GAYATHRI DHINGRA,25/09/2024,23603
INV000149,BAKHSHI BALA,04/12/2025,44593
INV000150,HRITIK BHATT,04/08/2025,36594
INV000151,UNNI SURESH,08/07/2025,38196
INV000152,EKTA CONTRACTOR,04/09/2025,47526
INV000153,ONVEER DUGAR,17/04/2026,49911
INV000154,OMISHA BARAD,17/06/2025,9928
INV000155,ABHA SHA,20/02/2025,41217
INV000156,URISHILLA SARAN,27/09/2024,30644
INV000157,NACHIKET SODHI,15/06/2025,38657
INV000158,RAAGINI CHOWDHURY,03/08/2024,16543
INV000159,OSCAR MANNAN,04/01/2025,18449
INV000160,YASHODHARA NARASIMHAN,07/02/2025,36229
INV000161,INAYA RAVI,03/02/2026,30557
INV000162,ALKA RATTAN,29/12/2024,40883
INV000163,BALHAAR MAJUMDAR,30/03/2025,15112
INV000164,OLIVER SAWHNEY,04/08/2024,32439
INV000165,LIBNI PARSA,24/10/2025,22392
INV000166,BISHAKHA JANI,27/01/2025,42491
INV000167,DAMYANTI VIRK,07/01/2025,28750
INV000168,ISHWAR BAHL,26/11/2025,38722
INV000169,ADITYA KARPE,17/05/2025,7376
INV000170,VYANJANA SONI,13/04/2025,8695
INV000171,JANYA SAMPATH,08/11/2025,43516
INV000172,ISHWAR SARMA,18/06/2025,33004
INV000173,RIDHI DARA,14/04/2025,44021
INV000174,NEEL KAPUR,15/02/2026,25903
INV000175,ONI VAIDYA,20/04/2025,40585
INV000176,NAKUL RAJU,27/04/2026,36701
INV000177,CHARAN BORDE,04/07/2025,11012
INV000178,DARPAN PANT,02/03/2025,41200
INV000179,SANYA SANDHU,13/09/2024,15468
INV000180,PALLAVI SRINIVAS,30/09/2024,3953
INV000181,FORUM BARMAN,27/07/2024,2330
INV000182,SAMAKSH SACHDEVA,03/09/2025,40522
INV000183,NIDRA NARULA,17/11/2025,32844
INV000184,RAYAAN KHARE,28/07/2025,1704
INV000185,PUSHTI KULKARNI,30/12/2025,21859
INV000186,LABAN BHAGAT,06/04/2026,17759
INV000187,WATIKA SODHI,06/08/2024,13593
INV000188,YUG SACHAR,05/03/2026,35586
INV000189,SNEHA KARNIK,19/01/2026,1878
INV000190,ISHANI THAKKAR,28/09/2024,2865
INV000191,NIHAL BHANDARI,18/04/2025,21742
INV000192,BHAVNA SEHGAL,29/07/2025,4862
INV000193,RAGHAV RAJAGOPALAN,05/08/2025,23993
INV000194,URVASHI NAGARAJAN,14/07/2025,46039
INV000195,ZEHAAN JAYARAMAN,30/08/2024,31180
INV000196,ODIKA SUNDER,25/05/2025,41003
INV000197,NISHA KALA,03/03/2026,39751
INV000198,AZAAN BHATTI,06/08/2025,4414
INV000199,KRISHNA CHOUDHARY,08/12/2025,14417
INV000200,RIYA HAYRE,15/05/2026,4968
INV000201,AMARA GROVER,25/12/2024,14514
INV000202,VEDHIKA GUHA,17/04/2026,16492
INV000203,VAISHNAVI CHANDA,07/10/2025,1469
INV000204,TANAY CHANDER,22/09/2025,34062
INV000205,AYAAN BALASUBRAMANIAN,11/08/2024,10423
INV000206,VYANJANA KOTA,03/09/2025,18473
INV000207,TEJAS CHAUDHURI,15/04/2025,31046
INV000208,WAHAB SANT,04/04/2025,31848
INV000209,RIA NAYAK,09/02/2025,42994
INV000210,NAVEEN CHANA,18/07/2025,49609
INV000211,NIRJA MASTER,14/10/2024,13867
INV000212,YASH MAND,16/04/2026,19983
INV000213,LIPIKA DUGAR,28/10/2024,4984
INV000214,CHAITANYA SAHNI,07/02/2026,20414
INV000215,OVIYA RATTAN,17/02/2025,37123
INV000216,VIHAAN SANKARAN,03/11/2024,32186
INV000217,RACHIT SHETH,20/10/2025,39726
INV000218,HENRY KALA,06/08/2025,43206
INV000219,BHAVINI SHARMA,31/01/2025,16008
INV000220,DIVYA DUGAR,05/06/2025,22321
INV000221,VEDANT DUTT,18/04/2026,13893
INV000222,ZILMIL MITTER,13/09/2024,36354
INV000223,AACHAL SACHAR,06/05/2026,28941
INV000224,CHARLES BOBAL,06/03/2026,22506
INV000225,JAGRATI BHAKTA,05/11/2025,24745
INV000226,GARIMA SANKAR,24/02/2026,43884
INV000227,NITESH CHERIAN,01/10/2025,34030
INV000228,DAMYANTI JAIN,23/08/2024,39837
INV000229,URVASHI BAJAJ,26/07/2024,3668
INV000230,EESHA PRASAD,28/11/2024,15467
INV000231,KRITIKA MANNE,07/07/2024,1878
INV000232,HEMANI AGATE,15/02/2026,10606
INV000233,EESHA MITTER,13/07/2024,13455
INV000234,NEEL SWAMY,24/10/2025,2091
INV000235,PAHAL SALVI,25/10/2025,7584
INV000236,BALJIWAN KHURANA,24/11/2025,6107
INV000237,UTKARSH KARAN,15/09/2025,12351
INV000238,VINCENT BEDI,13/06/2025,1465
INV000239,AACHAL DHAR,31/01/2025,41855
INV000240,AMARA MUKHERJEE,14/12/2025,43690
INV000241,TRISTAN KANNAN,22/07/2024,2277
INV000242,FALAK CHAKRABORTY,01/12/2025,3067
INV000243,GEORGE DOSHI,31/07/2025,1967
INV000244,TANVEER RAMAKRISHNAN,14/04/2026,4659
INV000245,MATTHEW KRISHNAMURTHY,21/05/2025,32855
INV000246,ESHANA SHANKAR,20/08/2025,35059
INV000247,URISHILLA SACHDEVA,04/02/2025,44376
INV000248,JAGAT NARAYAN,01/11/2024,34050
INV000249,CHAAYA MADAN,22/05/2025,41103
INV000250,BHAVANI RATTA,27/05/2025,25902
INV000251,RANBIR SANT,18/05/2026,15126
INV000252,SAUMYA ARYA,16/10/2024,43904
INV000253,QABIL DARA,30/05/2026,30771
INV000254,VINCENT TANK,12/08/2025,32727
INV000255,RIDHI BALA,11/05/2026,39032
INV000256,ODIKA BARIA,03/05/2026,16038
INV000257,RAJESHRI WARRIOR,16/04/2026,44342
INV000258,URVASHI GOLA,08/02/2025,11450
INV000259,DHRUV RAVI,15/03/2025,29199
INV000260,JASMIT NORI,22/05/2026,10805
INV000261,MEERA BUMB,12/06/2025,32890
INV000262,NEELIMA NORI,21/04/2026,26318
INV000263,RADHA RAJA,09/10/2025,32998
INV000264,UNNI MODY,21/06/2025,45548
INV000265,YASHICA CHOPRA,21/05/2026,7996
INV000266,LUCKY KUMER,15/02/2026,15504
INV000267,WAZIR CHAD,27/06/2025,30084
INV000268,THEODORE BHALLA,06/03/2025,20341
INV000269,VIDHI GUPTA,22/10/2025,41987
INV000270,WARHI KANDA,04/01/2025,3316
INV000271,SAMAR YADAV,16/05/2025,38253
INV000272,NIHARIKA KAMDAR,05/12/2024,12246
INV000273,TANAY DUA,13/01/2025,16508
INV000274,UPASNA UPPAL,15/06/2026,45302
INV000275,MAX PADMANABHAN,03/07/2025,28279
INV000276,GARIMA PADMANABHAN,23/01/2026,13352
INV000277,QABIL CHAUDHARI,07/07/2025,5047
INV000278,PALLAVI MURTY,14/01/2026,21936
INV000279,WRIDDHISH SOMAN,03/08/2024,30948
INV000280,BAHADURJIT KASHYAP,28/07/2024,6758
INV000281,EIRAVATI KALA,15/11/2025,47520
INV000282,VEDHIKA SOLANKI,26/06/2024,23442
INV000283,WAKEETA PUROHIT,02/10/2025,31839
INV000284,HEMA PRABHAKAR,09/07/2024,49137
INV000285,LOGAN CHAD,26/12/2024,14710
INV000286,AVI MURTHY,04/10/2024,24157
INV000287,HARINI HAYER,26/02/2025,12469
INV000288,FARAJ GARDE,07/12/2025,16145
INV000289,AMRUTA CHADA,09/05/2026,36525
INV000290,NIHARIKA SHERE,18/10/2025,9223
INV000291,PRANIT MANI,13/03/2026,10187
INV000292,ROHAN TANDON,16/04/2025,44335
INV000293,JALSA SUBRAMANIAM,22/01/2026,45920
INV000294,YAMINI JOSHI,12/10/2024,34618
INV000295,KRISHA KRISHNAN,31/03/2025,33189
INV000296,RISHI BHAVSAR,02/10/2025,2052
INV000297,UPMA DEWAN,05/05/2025,45631
INV000298,BAHADURJIT PRASHAD,22/07/2025,39773
INV000299,IMARAN BEHL,02/03/2026,14307
INV000300,YASTI HANDA,10/08/2024,864
INV000301,CHAAYA VARTY,28/10/2025,42138
INV000302,AVNI KALITA,08/03/2025,4794
INV000303,GAYATHRI RAMAN,12/06/2025,21699
INV000304,QADIM THAKUR,14/07/2024,47690
INV000305,BAGHYAWATI KADAKIA,13/05/2026,21435
INV000306,AARAV THAKUR,01/10/2024,8519
INV000307,EDHITHA MEMON,25/11/2024,49629
INV000308,HEMA TELLA,17/07/2025,3491
INV000309,TANAY PILLAI,07/10/2024,35767
INV000310,DARSH PAL,21/12/2025,38928
INV000311,TRIYA DAYAL,01/04/2025,21592
INV000312,DALAJA RAU,02/10/2024,4226
INV000313,CHRISTOPHER CHERIAN,20/08/2025,38464
INV000314,KALA SAINI,19/07/2024,11851
INV000315,ZASHIL NADIG,20/11/2025,12738
INV000316,YASHAWINI RAVI,14/03/2025,43524
INV000317,VEDIKA JOSHI,17/02/2025,28758
INV000318,REYANSH DORA,06/01/2025,26525
INV000319,HARSHIL GROVER,26/03/2026,22884
INV000320,EKAJA NAGY,01/08/2024,6822
INV000321,AMOL PATLA,19/04/2025,44811
INV000322,HARITA KARAN,16/09/2024,2614
INV000323,RIA GOPAL,27/07/2025,43747
INV000324,VEDHIKA WASON,01/02/2026,35828
INV000325,NETRA MASTER,19/12/2024,4056
INV000326,WARDA NARAYANAN,15/11/2024,16600
INV000327,MITESH NAGI,19/07/2024,15954
INV000328,DAVID DATE,30/08/2024,37292
INV000329,TANAY BORRA,09/06/2026,23896
INV000330,DAYITA TIWARI,04/06/2026,47505
INV000331,SANYA TELLA,14/02/2026,11744
INV000332,AARUSH SOM,31/07/2025,40721
INV000333,ANTHONY SALVI,15/03/2026,3039
INV000334,JEEVIKA BAKSHI,18/07/2025,31870
INV000335,RIDHI PANCHAL,27/05/2025,22670
INV000336,AMOL SAMRA,15/07/2024,32689
INV000337,UNNATI NAYAR,09/09/2025,13935
INV000338,NIHAL ZACHARIAH,07/02/2025,48518
INV000339,MOHAMMED PATIL,25/02/2026,547
INV000340,VAISHNAVI KUNDA,20/11/2025,28959
INV000341,LOPA PATIL,17/10/2025,24917
INV000342,GIRINDRA BAKSHI,22/09/2024,25660
INV000343,JATIN KAUL,23/09/2024,36932
INV000344,YAHVI GANDHI,05/02/2026,12139
INV000345,VARSHA BHALLA,13/04/2026,35193
INV000346,LUKE DASGUPTA,15/10/2025,22225
INV000347,INDIRA PALLA,23/09/2025,49993
INV000348,VAMAKSHI PARIKH,23/09/2024,3418
INV000349,LEELA BANIK,17/07/2024,22544
INV000350,AYAAN SACHDEVA,10/10/2025,9324
INV000351,EESHA SRINIVAS,21/12/2024,6137
INV000352,ADVIKA LUTHRA,22/11/2024,16352
INV000353,RAAGINI TALWAR,27/05/2026,49720
INV000354,KALA KARI,15/06/2026,8052
INV000355,IRYA GANESH,25/05/2026,7858
INV000356,HARITA SHROFF,03/01/2025,5020
INV000357,WAKEETA CHATTERJEE,03/03/2026,22448
INV000358,ZAID MUNI,29/11/2024,40355
INV000359,EESHA NAYAK,15/02/2025,40565
INV000360,ISHITA NADKARNI,18/05/2025,23367
INV000361,SAUMYA MANE,28/08/2025,3304
INV000362,MAHIKA SINGH,10/10/2024,23073
INV000363,LIBNI BISWAS,06/09/2025,37770
INV000364,KRISHNA GOLLA,16/05/2025,21695
INV000365,HARRISON JHA,27/03/2026,27619
INV000366,QADIM GADE,07/10/2025,25614
INV000367,ANJALI KRISHNAN,04/05/2026,30265
INV000368,OWEN DUBE,31/08/2025,41889
INV000369,LAKSH KHATRI,14/12/2024,43159
INV000370,SAI MINHAS,26/01/2026,3917
INV000371,WAHAB HORA,14/05/2025,8849
INV000372,FARIS CHANDA,23/08/2024,780
INV000373,ADYA SAHA,14/05/2025,44820
INV000374,PRANEEL NADKARNI,20/05/2025,31212
INV000375,NOAH MANDA,09/02/2025,31253
INV000376,DARPAN RAMESH,25/10/2024,33491
INV000377,JEREMIAH KHOSLA,30/01/2025,43861
INV000378,LOGAN SWAMINATHAN,30/12/2025,35001
INV000379,AARINI MANNAN,01/12/2024,24340
INV000380,QARIN HAYER,03/12/2024,6430
INV000381,UNNATI YOHANNAN,17/06/2025,22301
INV000382,AYUSH SACHDEVA,11/07/2025,27834
INV000383,OMKAAR SHARAF,28/08/2024,8758
INV000384,RONITH BEN,04/03/2026,504
INV000385,NICHOLAS CHAUDHURI,10/01/2026,41642
INV000386,XALAK BALASUBRAMANIAN,27/10/2025,18327
INV000387,BHANUMATI DHAR,23/03/2025,37809
INV000388,VASATIKA MANGAL,28/03/2025,923
INV000389,ABDUL MUTTI,02/03/2026,29680
INV000390,ISHAAN DE,31/10/2025,5542
INV000391,VANSHA BAKSHI,23/12/2024,23600
INV000392,OESHI NAIR,13/01/2026,29865
INV000393,VEER DHALIWAL,02/02/2025,41455
INV000394,ABHIMANYU SOLANKI,05/12/2024,21824
INV000395,HARINI SACHDEV,14/11/2025,37625
INV000396,WISHI LUTHRA,02/10/2025,31119
INV000397,QUINCY PATHAK,11/05/2025,8805
INV000398,NILIMA MUKHERJEE,29/03/2026,32421
INV000399,UPADHRITI NAYAR,18/07/2025,49785
INV000400,TANMAYI KOTA,02/12/2025,40776
INV000401,KIAAN GOEL,11/05/2025,34004
INV000402,LEELA LAD,19/06/2025,49900
INV000403,BENJAMIN KAR,04/11/2024,11826
INV000404,HARINI DUBEY,13/11/2024,49125
INV000405,NICHOLAS CHAND,30/12/2024,35251
INV000406,YASHAWINI BRAHMBHATT,29/01/2025,28879
INV000407,LIAM PANDIT,28/03/2025,38877
INV000408,NIDHI NARASIMHAN,11/05/2025,48893
INV000409,IKBAL SANE,29/08/2024,2002
INV000410,GAVIN CHANA,02/09/2025,37518
INV000411,MOHAMMED SUNDARAM,14/09/2024,20076
INV000412,LEELA ANNE,24/10/2025,31351
INV000413,GAURANGI SAGAR,14/11/2024,30501
INV000414,EKAVIR NAGARAJAN,20/12/2024,48487
INV000415,SACHI HAYER,12/06/2025,3990
INV000416,JAIRAJ RATTI,19/03/2026,13594
INV000417,TANMAYI JOHAL,21/06/2026,24515
INV000418,XITI SANT,09/06/2025,42959
INV000419,GAURIKA PRAKASH,01/02/2025,33741
INV000420,MANTHAN LOYAL,06/02/2026,34260
INV000421,MEGHA KANDA,09/11/2024,19792
INV000422,HARITA ROY,13/10/2024,15785
INV000423,LAKSHIT JAGGI,09/10/2025,3194
INV000424,IRA ISSAC,06/05/2026,38050
INV000425,BISHAKHA KALLA,17/12/2024,7284
INV000426,ANUSHA RAO,05/02/2025,23593
INV000427,SHIVANSH KUNDA,08/08/2024,41309
INV000428,MITALI GHOSH,21/11/2024,34739
INV000429,UDANT SOLANKI,23/08/2025,1617
INV000430,EKAVIR PRABHAKAR,30/12/2024,1643
INV000431,GAYATHRI BADAMI,03/09/2025,46846
INV000432,UDANT SHETTY,19/05/2026,21571
INV000433,AMARA WALI,12/02/2025,42604
INV000434,CHAKRADEV TATA,07/10/2025,41461
INV000435,RACHIT SOM,29/01/2026,16677
INV000436,GIRISH PRABHAKAR,24/09/2024,10264
INV000437,GEORGE DUGAR,18/12/2024,15311
INV000438,JACKSON KAPUR,22/01/2025,49017
INV000439,YASH MURTY,29/09/2024,15053
INV000440,CHASMUM CHOKSHI,21/01/2026,30758
INV000441,MUGDHA SHAH,24/01/2026,29207
INV000442,TIMOTHY TRIPATHI,07/09/2024,12474
INV000443,ANAY CHOKSHI,13/01/2026,21366
INV000444,MUGDHA NAYAR,26/11/2024,41306
INV000445,YADAVI SHARMA,05/03/2025,9325
INV000446,UPADHRITI SOLANKI,28/12/2025,15248
INV000447,IKBAL NORI,31/05/2025,18038
INV000448,ISHWAR BIR,20/05/2026,3551
INV000449,VICTOR KASHYAP,22/05/2026,4829
INV000450,KAMYA SATHE,03/11/2025,26866
INV000451,DAYITA GARDE,10/06/2025,47101
INV000452,NITARA HALDER,29/05/2026,1267
INV000453,TANVI GADE,22/05/2025,3509
INV000454,HEMANG SACHDEVA,01/05/2025,13847
INV000455,CHARVI BAWA,08/06/2026,29260
INV000456,AARUSH AHUJA,26/08/2024,46247
INV000457,NICHOLAS MANDA,12/05/2025,31762
INV000458,YOSHITA CHAND,16/03/2025,49774
INV000459,BISHAKHA CHOPRA,14/07/2024,29415
INV000460,UPASNA BHATIA,08/08/2025,40640
INV000461,FARIQ VALA,27/06/2024,30143
INV000462,LADLI SHARAF,11/09/2025,5039
INV000463,TANAY WABLE,29/11/2024,32946
INV000464,MAX DALAL,28/04/2025,20057
INV000465,JASMIT SOOD,31/05/2025,15292
INV000466,GAYATHRI YADAV,28/03/2025,9534
INV000467,NATHAN DADA,06/11/2024,15500
INV000468,EKANTA BHATTI,20/04/2026,47962
INV000469,CHAMPAK SHANKAR,25/07/2025,9919
INV000470,ESHANA DUTTA,15/11/2025,37176
INV000471,VINCENT KALLA,12/08/2025,8267
INV000472,DAMINI BAHRI,23/06/2026,34486
INV000473,URVASHI WAGLE,29/12/2025,15046
INV000474,HEMANG MITRA,29/01/2025,32900
INV000475,OVIYA UPPAL,22/07/2025,41356
INV000476,ALEXANDER DOSHI,10/07/2025,39232
INV000477,RACHIT KUNDA,04/02/2025,40503
INV000478,NIMRAT AGARWAL,27/04/2026,25123
INV000479,MEGHANA SETTY,21/05/2025,28016
INV000480,CHANDANI NAGARAJAN,02/10/2024,1294
INV000481,CHANDRESH NANDA,21/02/2025,6457
INV000482,MITALI GOLA,24/01/2025,6082
INV000483,GIRINDRA JHAVERI,17/10/2025,36924
INV000484,LAVANYA BANERJEE,28/07/2024,48744
INV000485,AVNI LAL,30/08/2025,23934
INV000486,VINAYA KUMAR,03/06/2026,33762
INV000487,MITALI PANT,31/05/2026,45820
INV000488,LILA VIRK,01/10/2024,19833
INV000489,BARKHA PATEL,31/10/2025,40493
INV000490,DOMINIC ANDRA,21/01/2026,4560
INV000491,KRITIKA JOSHI,22/10/2024,29847
INV000492,OVIYA SABHARWAL,09/06/2026,38967
INV000493,HRITIK KULKARNI,15/04/2025,18210
INV000494,JACOB HAYER,01/07/2024,35859
INV000495,BALVEER DIXIT,16/10/2024,30697
INV000496,WAKEETA SOOD,04/05/2026,10351
INV000497,VIVAAN RATTAN,09/05/2026,27213
INV000498,ANDREW CHOUDHRY,15/05/2026,36513
INV000499,ORINDER KANNAN,04/08/2025,28568
INV000500,BALVAN SAVANT,15/12/2025,49248
INV000501,REHAAN BERA,03/02/2026,6536
INV000502,AYAAN SUBRAMANIAN,24/09/2025,37686
INV000503,REHAAN BAL,27/01/2026,48079
INV000504,PALLAVI PADMANABHAN,03/09/2025,17538
INV000505,NOAH BHATT,28/07/2025,47834
INV000506,DHRITI ARYA,13/06/2025,49591
INV000507,BRIJESH MUTTI,18/08/2024,8311
INV000508,DALBIR SINHA,06/10/2024,7752
INV000509,QUSHI ANAND,16/11/2025,36867
INV000510,PARTH CHACKO,02/04/2026,38023
INV000511,JAI BANIK,06/01/2025,25743
INV000512,CHARAN KALA,16/04/2026,45292
INV000513,VINCENT BISWAS,26/09/2024,14424
INV000514,JACKSON BISWAS,11/06/2026,15775
INV000515,ADVAY BORA,14/01/2026,30836
INV000516,MAANAS PATLA,13/09/2025,18515
INV000517,CHAKRADHAR SAWHNEY,16/02/2025,13226
INV000518,GANGA ARYA,18/04/2026,24371
INV000519,EKANSH RAJU,07/02/2025,13797
INV000520,IJAYA BAJWA,26/08/2025,21900
INV000521,ABHIMANYU ISSAC,27/09/2024,17730
INV000522,KABIR VARTY,16/11/2024,23551
INV000523,GAYATHRI SAMPATH,31/08/2024,1570
INV000524,OMYA KASHYAP,13/11/2025,19995
INV000525,TANISH DAVE,11/04/2025,40364
INV000526,KASHVI NAGAR,28/07/2025,11333
INV000527,MANBIR DADA,24/02/2025,37315
INV000528,WISHI SWAMY,09/03/2025,26909
INV000529,FARIS KIBE,10/06/2025,3259
INV000530,GOPAL NIGAM,16/12/2025,14936
INV000531,MEGHA BOSE,23/11/2025,16683
INV000532,NILIMA SHA,11/04/2026,38963
INV000533,TRISTAN BAJAJ,12/04/2025,18563
INV000534,AYAAN CHOUDHURY,14/10/2024,31614
INV000535,WIDISHA MANI,06/08/2024,47991
INV000536,WAZIR DARA,01/04/2025,3095
INV000537,BAHADURJIT KALA,17/02/2025,6467
INV000538,HITESH MISRA,20/02/2026,17597
INV000539,AGASTYA SAHNI,02/05/2025,6878
INV000540,OJASVI SODHI,03/11/2024,17831
INV000541,UPKAAR BOBAL,01/04/2025,13765
INV000542,TRISTAN SRINIVASAN,30/06/2025,39955
INV000543,ANUSHA TRIVEDI,28/10/2025,9162
INV000544,MITALI GERA,25/01/2026,22274
INV000545,DIPTA GARA,28/04/2026,31890
INV000546,ZAID MALL,03/05/2026,32278
INV000547,JEEVIKA SHARAF,18/03/2026,45893
INV000548,WAKEETA MAJUMDAR,29/09/2024,46528
INV000549,YASHODA PERI,08/04/2026,29744
INV000550,CHAAYA THAKER,19/06/2025,4267
INV000551,VIRAJ UPPAL,24/05/2025,2993
INV000552,PATRICK SUBRAMANIAN,30/01/2026,10781
INV000553,RIDHI CHAND,11/04/2025,11039
INV000554,LABAN ZACHARIA,26/05/2025,14172
INV000555,MASON DHALIWAL,15/12/2024,11076
INV000556,QARIN OZA,27/07/2025,11889
INV000557,MANBIR TALWAR,16/06/2026,48523
INV000558,JONATHAN SHAN,01/12/2024,17442
INV000559,ATHARV GOPAL,31/03/2025,19633
INV000560,EKAVIR KUMER,16/02/2025,19426
INV000561,CHAMAN BALAN,28/03/2025,37413
INV000562,EESHA DESHPANDE,15/12/2024,4623
INV000563,ADYA MUNSHI,31/08/2024,22734
INV000564,ANIRUDH SAMI,02/02/2026,37429
INV000565,GIRIK IYER,19/12/2025,15326
INV000566,THEODORE SRIVASTAVA,11/03/2026,9258
INV000567,AZAAN BAHL,14/10/2024,24499
INV000568,SAKSHAM DALAL,05/05/2026,27088
INV000569,YUVRAJ GOLA,10/01/2026,44250
INV000570,ISHANI BARAD,18/03/2025,19529
INV000571,RAJATA VOHRA,11/11/2024,28883
INV000572,FORUM SHETTY,05/01/2026,40657
INV000573,SHIVANSH WALI,24/06/2025,9704
INV000574,DARPAN BALAY,15/02/2026,23068
INV000575,GAURI SRINIVAS,10/05/2026,12384
INV000576,SHIVANI SINHA,05/01/2026,45529
INV000577,MADHAVI GERA,24/09/2024,21339
INV000578,OMAJA MADAN,21/07/2025,3152
INV000579,KRISHNA BHATNAGAR,12/09/2025,24970
INV000580,RANVEER KOHLI,05/03/2026,24846
INV000581,LIBNI RAGHAVAN,05/07/2025,2653
INV000582,YASHODHARA HALDER,04/12/2024,15086
INV000583,LEENA MUKHOPADHYAY,09/11/2024,30087
INV000584,SAI PANT,23/10/2025,3051
INV000585,URMI GARDE,09/12/2025,49495
INV000586,VASATIKA BALASUBRAMANIAN,11/06/2026,31915
INV000587,ABHIMANYU WALI,06/07/2025,30045
INV000588,DAMYANTI SAINI,29/05/2025,3545
INV000589,HEMAL GHOSE,21/07/2024,32387
INV000590,YASHODA DEEP,03/08/2025,43262
INV000591,VEDANT TOOR,06/05/2025,2240
INV000592,POOJA BASU,26/04/2025,23476
INV000593,ETA RANDHAWA,13/08/2025,28019
INV000594,PATRICK BHAKTA,28/10/2024,42457
INV000595,RIDHI MUKHOPADHYAY,08/06/2026,31646
INV000596,JAGAT SALVI,08/12/2024,11069
INV000597,ZARNA TRIVEDI,09/09/2024,36410
INV000598,IRA MORAR,09/09/2024,17483
INV000599,KRISHA SRINIVAS,18/03/2025,45143
INV000600,TANAY BASAK,30/11/2025,21903
INV000601,AZAD MALL,05/05/2026,13287
INV000602,OSHA DUBE,22/05/2025,34738
INV000603,AGASTYA SUNDARAM,07/01/2025,9548
INV000604,BRIJESH HANDA,16/01/2025,15440
INV000605,ANUSHA MITTER,11/06/2026,5704
INV000606,REHAAN EDWIN,31/08/2025,2552
INV000607,YUVRAJ KIBE,02/09/2024,26094
INV000608,KRITIKA CHAKRABARTI,30/01/2026,2072
INV000609,YASHICA PARMER,30/11/2025,3781
INV000610,VIDHI PILLAY,10/08/2025,45668
INV000611,GAURANGI SURESH,11/08/2024,1405
INV000612,LOGAN ZACHARIA,29/01/2025,11481
INV000613,TAMANNA SURESH,06/02/2026,37406
INV000614,YUVRAJ KONDA,28/01/2025,34619
INV000615,JASON VARGHESE,27/04/2026,32401
INV000616,FIYAZ MENON,13/06/2025,3896
INV000617,MAX PARMER,28/10/2025,30906
INV000618,GARIMA BUMB,18/10/2025,27640
INV000619,ODIKA KOTA,19/11/2025,1463
INV000620,SNEHA BAKSHI,07/04/2026,4204
INV000621,CHAITALY DASH,15/06/2025,40083
INV000622,BALVEER SHUKLA,26/06/2024,11480
INV000623,ISHITA PERI,10/11/2024,39536
INV000624,OVIYA PATEL,27/11/2024,24920
INV000625,FARIS BORRA,19/04/2025,28553
INV000626,LEELA KAPOOR,10/05/2025,45299
INV000627,GAUTAM CHANDRAN,05/03/2025,7124
INV000628,NICHOLAS BEHL,27/08/2024,47031
INV000629,HEMANG SHETH,11/11/2024,13435
INV000630,KIAAN TAILOR,16/01/2026,32866
INV000631,AISHANI DEO,23/09/2024,13100
INV000632,AMAIRA AGARWAL,06/01/2026,49481
INV000633,ANAY BAKSHI,28/06/2024,29355
INV000634,BRINDA KONDA,19/04/2026,13668
INV000635,NIHARIKA RAU,13/03/2026,21259
INV000636,QASIM KONDA,27/06/2025,22387
INV000637,HARISH TAILOR,06/12/2025,21755
INV000638,ONKAR MITAL,25/05/2026,3252
INV000639,DANIEL TIWARI,18/02/2026,16009
INV000640,FALAK DANI,16/12/2025,39930
INV000641,SIYA ARORA,21/12/2025,14992
INV000642,VRITTI REGE,24/12/2025,23161
INV000643,OMYA DIVAN,01/08/2025,19455
INV000644,AARAV VOHRA,31/03/2026,32032
INV000645,JEET GODA,22/01/2026,31881
INV000646,WRIDDHISH BARAD,06/05/2025,21510
INV000647,AZAD KAMDAR,05/06/2025,36927
INV000648,FITAN DUA,09/06/2026,20677
INV000649,RAYAAN CHAUDHARY,20/02/2025,23369
INV000650,ADVIK DARA,01/11/2025,47342
INV000651,IMARAN RANA,02/01/2025,24141
INV000652,SHIVANI BAL,17/03/2025,1820
INV000653,GANGA GABA,03/05/2025,36645
INV000654,HAMSINI DIN,29/06/2025,34445
INV000655,INDALI SINGH,11/07/2025,20191
INV000656,VIDHI BALAN,29/05/2026,33065
INV000657,AADHYA OM,29/01/2025,37955
INV000658,IRYA MASTER,12/08/2024,23168
INV000659,AYUSH WALI,04/10/2024,9111
INV000660,KRITIKA PERI,30/03/2025,27879
INV000661,VANSHA BEDI,15/11/2025,32339
INV000662,DIVYA BAVA,24/01/2025,27987
INV000663,KEVIN SOLANKI,15/03/2025,31121
INV000664,NIHAL MORAR,30/07/2025,26369
INV000665,BALHAAR TRIPATHI,24/02/2026,1872
INV000666,GAYATHRI PRABHU,10/07/2024,25855
INV000667,DAKSHESH BUCH,29/06/2025,1175
INV000668,JAI BALA,28/03/2025,34050
INV000669,WISHI SEKHON,20/07/2024,11114
INV000670,URVI KASHYAP,23/09/2025,40743
INV000671,SANYA DEEP,19/05/2025,38513
INV000672,KABIR DARA,24/05/2025,49959
INV000673,REYANSH KASHYAP,18/09/2024,24033
INV000674,VAISHNAVI BALAN,22/08/2024,35754
INV000675,NITESH DUTTA,09/10/2024,6325
INV000676,ANAY BHATTACHARYYA,11/06/2026,34144
INV000677,VIHAAN PRASHAD,14/08/2025,41348
INV000678,RADHA DIN,17/11/2025,3644
INV000679,WIDISHA NARAYANAN,15/08/2025,43457
INV000680,ABHIRAM KALITA,21/01/2025,31914
INV000681,SAMAR TANDON,20/08/2024,3417
INV000682,YAHVI YOGI,16/08/2025,43360
INV000683,POOJA OOMMEN,14/02/2025,6242
INV000684,MASON CHANDA,03/08/2025,36339
INV000685,EKARAJ NIGAM,20/10/2024,14568
INV000686,YOSHITA D’ALIA,31/07/2024,21887
INV000687,DALAJA GABA,17/10/2024,20612
INV000688,YASHODHARA BASSI,13/01/2025,3269
INV000689,RADHA VOHRA,24/05/2025,35027
INV000690,JHALAK MAGAR,13/06/2026,34012
INV000691,FARIS SURESH,13/09/2025,1060
INV000692,CHAKRADEV KAPUR,15/09/2024,28503
INV000693,ISHITA KHALSA,07/07/2024,26911
INV000694,LIAM CHADA,13/11/2025,46244
INV000695,MUGDHA GOLA,21/11/2024,25945
INV000696,KRISHNA CHOPRA,16/02/2025,7599
INV000697,RACHIT RAVAL,11/07/2024,39499
INV000698,KEVIN GANESH,21/10/2024,41392
INV000699,GIRIK CHAKRABARTI,22/06/2026,23718
INV000700,MADHAV PANT,16/03/2025,38253
INV000701,NATHANIEL MANDAL,15/10/2024,38179
INV000702,AVNI MANNAN,03/12/2025,39399
INV000703,DAVID CHEEMA,28/03/2026,1948
INV000704,DAKSHESH BARAD,05/12/2024,34935
INV000705,VIRAJ LOKE,19/07/2024,6202
INV000706,TURVI MANDAL,13/03/2025,32702
INV000707,INAYA RAGHAVAN,30/10/2024,913
INV000708,KAVYA VERMA,29/12/2024,42816
INV000709,BALHAAR VARUGHESE,24/06/2025,26484
INV000710,GAURANG SAXENA,07/05/2025,36356
INV000711,JANYA SARRAF,20/06/2025,19759
INV000712,JYOTI DEVI,09/09/2024,30566
INV000713,ISHANVI THAKER,25/04/2026,7883
INV000714,SARA UPPAL,09/05/2025,14040
INV000715,YASH KUNDA,26/11/2025,21699
INV000716,VEDA BHAVSAR,19/03/2025,8013
INV000717,TANMAYI GARA,27/06/2025,8537
INV000718,LAKSH CHOKSHI,08/01/2026,31901
INV000719,SIMON BARAD,02/04/2026,42646
INV000720,ZILMIL GILL,13/04/2025,44487
INV000721,KAVYA ARYA,17/10/2025,41823
INV000722,DIYA CHEEMA,23/07/2025,8191
INV000723,KAMYA VARTY,01/05/2025,47346
INV000724,BINA ARYA,25/11/2025,28010
INV000725,FARIQ NAGI,29/04/2026,34536
INV000726,CHRISTOPHER NATT,25/07/2024,2614
INV000727,EKANSH BERA,03/06/2025,46361
INV000728,BISHAKHA MODI,22/09/2024,20102
INV000729,RISHI PALAN,08/05/2025,17383
INV000730,DAVID DADA,18/11/2025,39175
INV000731,MAYA SANKAR,20/03/2025,17860
INV000732,VASANA KALA,29/03/2025,43277
INV000733,RACHANA DEEP,16/01/2025,23850
INV000734,ABHIRAM SUNDARAM,19/05/2025,17649
INV000735,VINAYA BARAL,21/12/2024,32308
INV000736,BISHAKHA KALITA,07/10/2025,41967
INV000737,ANYA DYAL,12/12/2025,39235
INV000738,HARSHIL SAMRA,31/01/2026,3535
INV000739,RIDHI SULE,16/02/2025,15506
INV000740,VEDA CHOKSHI,31/07/2024,12623
INV000741,ANYA DANI,06/08/2024,47244
INV000742,ETA OAK,22/09/2025,41109
INV000743,LUKE DOSHI,13/01/2025,49725
INV000744,PRANAV SINHA,17/12/2024,11979
INV000745,AYAAN SHARAF,06/10/2025,29049
INV000746,ROBERT RAY,28/01/2026,32599
INV000747,JACK D’ALIA,21/06/2025,8266
INV000748,EKTA THAKER,16/11/2025,44483
INV000749,DAKSHESH ATWAL,06/02/2026,3334
INV000750,ISAIAH MISHRA,20/03/2026,48993
INV000751,ZAYAN NAGI,06/10/2024,25041
INV000752,TEERTH MITTER,17/08/2024,47704
INV000753,EKARAJ PURI,20/10/2025,30931
INV000754,RANVEER AURORA,26/08/2024,19049
INV000755,EKALINGA DYAL,13/10/2024,43143
INV000756,AADHYA GARG,07/06/2025,46401
INV000757,VARENYA BHAGAT,20/03/2025,23508
INV000758,PARTH SUR,28/12/2024,48711
INV000759,JACK CHOKSHI,29/11/2025,16015
INV000760,DEEPA KHURANA,15/02/2025,49659
INV000761,URMI MURTY,17/02/2026,36107
INV000762,DARIKA ANNE,17/07/2025,34094
INV000763,KRISHA DARA,26/11/2025,19003
INV000764,URVI PILLAY,18/06/2026,25164
INV000765,HARSH THAMAN,08/04/2025,8541
INV000766,JAGVI BAKSHI,12/10/2025,32752
INV000767,DAMINI KRISHNA,20/04/2025,13625
INV000768,FITAN DOSHI,10/05/2026,20860
INV000769,UCCHAL CHATTERJEE,14/07/2024,27020
INV000770,AARINI KARA,19/03/2026,19366
INV000771,BISHAKHA BAINS,12/04/2026,1421
INV000772,AZAAN KAUL,21/08/2024,29908
INV000773,RAGHAV CHAND,13/04/2026,17705
INV000774,BRINDA GOKHALE,20/08/2025,11749
INV000775,ZINAL NAIR,08/11/2025,33118
INV000776,ADWETA SAGAR,24/08/2025,40794
INV000777,DARSH SACHDEV,25/04/2025,23173
INV000778,YAGNESH SEKHON,03/05/2025,46266
INV000779,VICTOR KASHYAP,24/11/2024,646
INV000780,URISHILLA JHA,26/12/2025,15140
INV000781,FARIQ BASSI,28/01/2026,11326
INV000782,KRISHNA SAMI,04/08/2025,13792
INV000783,MANAN GARDE,12/11/2025,47015
INV000784,TAMANNA BUTALA,05/02/2026,41228
INV000785,YATIN SETH,10/11/2024,44270
INV000786,JANYA BUMB,21/05/2025,43085
INV000787,TIMOTHY PATLA,17/08/2024,11292
INV000788,NAVEEN WASON,19/09/2025,3112
INV000789,AARNA GULATI,29/03/2025,2486
INV000790,DARPAN BALI,27/02/2026,5499
INV000791,WARHI PRABHAKAR,07/07/2025,30185
INV000792,BHAVINI PATHAK,16/08/2024,41032
INV000793,VIDHI GARG,23/06/2025,26205
INV000794,ANVI SAMA,29/08/2024,34367
INV000795,XALAK NARULA,26/10/2024,11928
INV000796,QABIL GOEL,02/04/2026,49671
INV000797,ALKA BEN,12/11/2024,4597
INV000798,GAGAN WALI,22/09/2025,34722
INV000799,DARSH KATA,29/12/2025,42437
INV000800,JAGAT DESHMUKH,26/06/2026,34215
INV000801,GUNEET PANDIT,31/08/2024,18436
INV000802,MAX SHAN,26/07/2024,40711
INV000803,CHAMAN BAINS,15/12/2025,47300
INV000804,CHANDRESH BHALLA,22/01/2026,13871
INV000805,HITESH BHAKTA,10/04/2025,12167
INV000806,WRIDESH BAHL,13/01/2025,11020
INV000807,GARIMA BAJWA,26/12/2024,9267
INV000808,GUNEET GROVER,24/07/2025,47817
INV000809,PRISHA YOGI,26/05/2026,30327
INV000810,IRA RAVI,08/02/2026,35212
INV000811,BRIJESH JAGGI,25/11/2024,24379
INV000812,ABHIMANYU DEOL,17/10/2025,32810
INV000813,UDYATI GARG,06/10/2024,15476
INV000814,BARKHA MANI,06/08/2025,12247
INV000815,SUHANI SHAN,23/06/2026,49243
INV000816,ISAAC AHUJA,07/09/2024,36179
INV000817,HAMSINI CHAUHAN,04/09/2025,10640
INV000818,LOHIT MUNI,23/09/2024,49854
INV000819,SHRAVYA AHLUWALIA,13/10/2024,29914
INV000820,THOMAS SOM,08/10/2025,36820
INV000821,MITALI NAIK,27/01/2026,25771
INV000822,ISHANI SONI,09/11/2024,37865
INV000823,SHIVANI BARAD,11/10/2025,16364
INV000824,GABRIEL CHACKO,02/04/2026,33160
INV000825,WILLIAM MITTER,17/07/2024,27164
INV000826,FARAS BERA,17/07/2025,38708
INV000827,KRISHNA BOBAL,04/06/2025,34872
INV000828,MICHAEL SARIN,30/08/2024,39444
INV000829,PRANIT AGRAWAL,01/02/2025,39332
INV000830,SAANVI PAU,04/04/2026,26241
INV000831,NILIMA MITTAL,29/10/2024,46107
INV000832,YASH MORE,06/11/2024,12910
INV000833,WARDA IYER,19/07/2025,5848
INV000834,VIVAAN BAL,22/02/2026,36361
INV000835,ADYA GANGULY,02/06/2025,49626
INV000836,BIMALA BALA,10/08/2024,21939
INV000837,TEERTH MAGAR,23/10/2025,33586
INV000838,INDALI DORA,18/05/2025,41246
INV000839,OWEN WARRIOR,25/05/2026,21121
INV000840,BAHADURJIT DANI,13/07/2024,13016
INV000841,FARAS SASTRY,16/02/2025,43148
INV000842,FARAJ ACHARYA,01/05/2026,26654
INV000843,ISHITA SANE,29/04/2025,24361
INV000844,ZASHIL DORA,01/06/2026,15348
INV000845,JOSHUA KHALSA,27/09/2025,29771
INV000846,REHAAN LAD,25/01/2026,33684
INV000847,TANAY MUKHERJEE,14/09/2025,40056
INV000848,TRIPTI DAS,10/08/2025,37677
INV000849,IKSHITA PANT,27/01/2026,18611
INV000850,LAKSHMI KHATRI,08/06/2026,34752
INV000851,VIRAJ PARSA,25/11/2024,11899
INV000852,FREDERICK BAL,06/01/2026,11910
INV000853,AYAAN DASGUPTA,11/11/2025,1877
INV000854,EKARAJ HANS,16/06/2025,1455
INV000855,ZEHAAN THAMAN,22/07/2025,41168
INV000856,HARDIK VYAS,18/03/2025,9325
INV000857,ARIN CHATTERJEE,09/02/2026,35888
INV000858,MAYA SINGHAL,23/08/2024,14585
INV000859,BALVAN VYAS,21/06/2026,38491
INV000860,ARUNIMA SHUKLA,24/07/2024,41122
INV000861,ZINAL MUKHOPADHYAY,01/01/2026,17553
INV000862,VARSHA DHAR,03/11/2025,30326
INV000863,UPASNA YADAV,08/09/2025,49919
INV000864,TRIPTI MUNI,08/08/2024,16749
INV000865,PRIYA RAMESH,22/04/2026,8439
INV000866,UNNI MOHAN,17/04/2026,14907
INV000867,NAVEEN NIGAM,01/12/2025,42899
INV000868,WYATT AMBLE,18/01/2025,6340
INV000869,SAANVI CONTRACTOR,13/08/2025,49779
INV000870,ABHIMANYU ANNE,22/10/2025,12485
INV000871,WARDA VASA,26/07/2024,8508
INV000872,KASHVI DEY,18/02/2025,5674
INV000873,LAJITA RAMAN,01/11/2025,1590
INV000874,CHATURA SENGUPTA,08/12/2025,8034
INV000875,DAYITA SALVI,22/08/2024,30199
INV000876,GIRINDRA BRAR,25/08/2024,40745
INV000877,RAGHAV PANDYA,15/07/2024,14405
INV000878,PRIYA PATLA,12/05/2026,46268
INV000879,DAKSHESH DESAI,22/01/2025,9191
INV000880,ATHARV D’ALIA,28/07/2024,7316
INV000881,ISHANI CHERIAN,25/09/2025,48674
INV000882,CHANAKYA BHAGAT,18/10/2024,41927
INV000883,MUGDHA BEHL,24/12/2024,5294
INV000884,GIRIK WADHWA,17/08/2025,36573
INV000885,NETRA JOSHI,09/04/2026,49206
INV000886,ANUSHA WAGLE,01/01/2025,13676
INV000887,BALVEER AGARWAL,10/03/2025,31120
INV000888,DIYA DALAL,29/04/2025,25608
INV000889,RAAGINI SARNA,05/12/2024,19560
INV000890,EESHA MANE,05/03/2026,39320
INV000891,NETRA SAGAR,11/08/2024,8830
INV000892,BHAVNA JAIN,07/09/2025,10105
INV000893,LABAN CHAWLA,21/10/2024,23245
INV000894,NIMRAT TRIPATHI,24/12/2025,18758
INV000895,LUCKY KASHYAP,29/04/2025,41535
INV000896,JEREMIAH VENKATESH,03/04/2025,10346
INV000897,TARAK HEGDE,02/07/2024,1450
INV000898,ETHAN VASA,14/09/2024,44324
INV000899,MAANAS BRAR,27/06/2024,35454
INV000900,ESHANA RAM,02/07/2024,21676
INV000901,AAYUSH CHAHAL,04/01/2025,26578
INV000902,BHAVNA ARYA,09/12/2024,44578
INV000903,LUKE PRASAD,05/09/2025,30272
INV000904,JAGAT PATHAK,26/08/2025,44876
INV000905,AISHANI PALAN,06/12/2024,3574
INV000906,EIRAVATI NARAYANAN,10/04/2025,25111
INV000907,OSHA DHAR,13/07/2025,8618
INV000908,SAI KIBE,22/11/2024,38208
INV000909,ZEHAAN BALAKRISHNAN,27/10/2025,20967
INV000910,NISHA WALLA,28/04/2026,22751
INV000911,UDYATI SHROFF,26/06/2026,49759
INV000912,GUNEET MANN,09/04/2025,32071
INV000913,SIDDHARTH ROY,04/11/2025,10935
INV000914,FITAN JOSHI,08/01/2025,30383
INV000915,NEELIMA SUNDARAM,05/07/2024,13738
INV000916,MITESH BABU,29/06/2025,48613
INV000917,KAMALA DATTA,12/04/2025,34577
INV000918,VEDANT SWAMINATHAN,08/07/2024,8040
INV000919,DEVIKA CHAUDHRY,12/04/2025,19377
INV000920,PANINI BARAD,22/04/2026,48662
INV000921,WIDISHA PANDIT,04/12/2025,48910
INV000922,DAYITA BAIL,12/08/2025,36487
INV000923,DEV VENKATESH,09/10/2024,5003
INV000924,RAGHAV RAGHAVAN,24/03/2025,8460
INV000925,ANUSHA RAVAL,11/12/2024,47612
INV000926,BAKHSHI MADAN,05/10/2025,40401
INV000927,TANAY BASSI,20/08/2024,26910
INV000928,ADVIKA PUROHIT,02/07/2024,24811
INV000929,AADHYA SATHE,03/10/2025,44861
INV000930,CHRISTOPHER BHARGAVA,08/06/2026,35835
INV000931,WARJAS KALA,16/02/2026,35266
INV000932,DAKSHA MUKHOPADHYAY,12/09/2025,5566
INV000933,ZAITRA BUCH,01/12/2024,15122
INV000934,IJAYA LALL,08/04/2025,9904
INV000935,AZAD GHOSH,24/02/2026,47470
INV000936,VIHAAN THAKKAR,27/10/2024,4239
INV000937,SHIVANSH CHAND,19/09/2025,43163
INV000938,EKALINGA GULATI,16/04/2026,12528
INV000939,BHAVANI DHAR,06/06/2025,7592
INV000940,CHARAN KANDA,25/12/2025,38028
INV000941,RAGHAV RAU,27/05/2026,34942
INV000942,UBIKA NADIG,08/06/2025,28445
INV000943,UTKARSH SAMA,27/01/2026,19518
INV000944,SUHANI DHILLON,03/01/2025,42264
INV000945,HARSHIL DHAWAN,27/05/2026,16208
INV000946,GOPAL SANDAL,11/04/2026,15175
INV000947,WIDISHA DESHMUKH,25/11/2025,7502
INV000948,ANTHONY JOHAL,17/11/2024,23580
INV000949,DIYA SAMPATH,11/08/2025,948
INV000950,CHARITA DAS,31/01/2025,36954
INV000951,AMARA SOMAN,30/07/2024,23568
INV000952,MAYA NADIG,08/05/2026,17301
INV000953,DHRUV KHARE,24/01/2026,24552
INV000954,WAZIR THAKKAR,17/01/2026,16895
INV000955,MASON VENKATARAMAN,31/10/2024,42592
INV000956,VIRAJ DUGAR,24/03/2025,35235
INV000957,VIHAAN GOLA,16/01/2025,15316
INV000958,RADHIKA PADMANABHAN,22/05/2025,7658
INV000959,LIAM KIBE,16/11/2025,23094
INV000960,GARIMA SOOD,17/03/2025,7814
INV000961,AMRUTA MANGAT,11/11/2025,38808
INV000962,LOHIT SENGUPTA,26/06/2025,28150
INV000963,AAHANA LOKE,05/06/2025,47623
INV000964,NAVEEN SACHDEV,11/05/2026,38417
INV000965,CHRISTOPHER SUR,26/04/2025,4192
INV000966,SHAURYA OZA,23/03/2025,21224
INV000967,NACHIKET MANDER,27/08/2024,39061
INV000968,YAGNESH KUNDA,10/04/2025,23362
INV000969,FINN KHATRI,06/06/2026,32135
INV000970,ANSH CHADHA,28/09/2024,41639
INV000971,CHANDRESH THAKKAR,03/02/2026,8702
INV000972,VASANA RAJAGOPALAN,04/10/2025,34216
INV000973,LEELA MENON,21/08/2025,33907
INV000974,BALHAAR PARIKH,29/01/2025,38560
INV000975,SIMON CHADHA,02/08/2025,33752
INV000976,BENJAMIN NANDA,09/05/2026,24384
INV000977,RAJATA MOHANTY,15/06/2026,5693
INV000978,YOCHANA PANDEY,06/01/2026,24905
INV000979,ISAIAH GUHA,27/06/2025,31366
INV000980,YACHANA NATARAJAN,03/12/2024,33112
INV000981,RACHANA AGATE,09/08/2024,37716
INV000982,TURVI KANNAN,06/12/2025,15372
INV000983,SIYA CHOPRA,07/07/2025,9943
INV000984,EKAJA VARUGHESE,12/10/2025,43760
INV000985,DHRITI BALA,24/11/2024,4422
INV000986,VEDANT KEER,06/03/2025,10327
INV000987,KALA UPPAL,28/11/2025,1572
INV000988,ISHANVI BAIL,22/02/2026,41170
INV000989,JATIN SHARMA,03/09/2024,20822
INV000990,CHAKRADEV GARDE,29/08/2024,7509
INV000991,CHARAN VARGHESE,21/09/2025,13945
INV000992,CHATURA DAR,02/05/2025,2202
INV000993,IKBAL UPPAL,21/01/2026,24262
INV000994,FARHAN NIGAM,17/09/2024,4591
INV000995,AISHANI GOEL,07/11/2024,36731
INV000996,ELIJAH TALWAR,16/06/2026,48130
INV000997,INDIRA PINGLE,27/01/2025,33012
INV000998,JEREMIAH KOSHY,07/05/2025,39547
INV000999,ADVAITH MAHARAJ,05/04/2025,2462
INV001000,ARADHANA DATTA,19/07/2025,5687
